Model,MAE,RMSE,R²
CatBoost (Full),22808.745197693494,37133.02311807196,0.5468681077881249
XGBoost (Full),22889.44454463642,36513.097210254906,0.5618716454776953
